chr1	10066	10478	TCAAGAACAGTAATAG-1	1
chr1	10072	10191	AACCCGCAGGTAGCTT-1	1
chr1	10073	10340	CGCATATAGGTTACGT-1	2
chr1	10079	10192	GTAAGGTCACCCACAG-1	1
chr1	10079	10277	TATTCGTTCCGCCTCA-1	1
chr1	10079	10279	ATGAATGCATTGTCAG-1	7
chr1	10079	10309	CGGTTTGAGTTTGGTA-1	1
chr1	10083	10278	ACTTCGCTCAAACACC-1	1
chr1	10084	10309	TCATACTTCTTAGCCC-1	1
chr1	10084	10340	GCGAAGCCAGGCTAGA-1	2
chr1	10085	10279	AGTCAATGTGATGAGG-1	1
chr1	10085	10301	CAAGACAAGGGCTTTG-1	2
chr1	10085	10338	TTTACGAAGCGGATTT-1	2
chr1	10085	10346	ATGTCAATCATCCTAT-1	2
chr1	10090	10309	GGTTACTAGTCCTTCA-1	2
chr1	10091	10278	TCCTCAATCGCATTAA-1	2
chr1	10091	10279	TGAGCTTAGGTAGCTT-1	2
chr1	10091	10302	CAGCATGTCATAACCA-1	2
chr1	10091	10320	GACCTGATCAGCTAAC-1	1
chr1	10091	10340	ATAACGACACACCAAC-1	4
chr1	10095	10350	TTTAGCTTCCGCAACA-1	1
chr1	10096	10279	CATCATAAGGATCACT-1	3
chr1	10096	10308	AGTAGCTTCGGGATTT-1	2
chr1	10097	10334	TAGCTAGGTGTTGCTT-1	3
chr1	10097	10339	GCTGATCCAACCTAAT-1	3
chr1	10101	10346	CGCAATGTCGTTATCT-1	3
chr1	10103	10321	ACGTACCCATGCTTAG-1	1
chr1	10126	10320	TCTAGCCTCAATCTAG-1	2
chr1	10126	10326	CGATTCCTCTCCTCAA-1	2
chr1	10131	10285	CACCTCAGTCACAGCG-1	3
chr1	10143	10210	CATGCATAGCGAGTAA-1	3
chr1	10145	10192	GTCTATGCAGACAAAC-1	1
chr1	10150	10197	GATTATGTCGAGGAGT-1	3
chr1	10151	10179	AGCGTGCTCCGGTTGA-1	1
chr1	10151	10180	GTTGCGGGTGAGCAAG-1	6
chr1	10151	10185	GCTGTACCACCAACCG-1	4
chr1	10151	10191	CCTTAGTGTAGACAAA-1	1
chr1	10151	10192	AATTGGACATCTTGAG-1	9
chr1	10151	10196	CTTAAGATCGTTTCTG-1	1
chr1	10151	10197	CAGGTGGAGGCGCATC-1	4
chr1	10151	10216	GCTAACCCAGTAGGTG-1	6
chr1	10151	10437	GCCATGATCCAGGGAG-1	1
chr1	10151	10530	TGTGTTAAGCTATGAC-1	1
chr1	10156	10180	TGGCGGTTCATTTGTC-1	1
chr1	10156	10192	CTTCAATTCCCTCTAA-1	1
chr1	10156	10197	CCAAGGCTCTCACACC-1	1
chr1	10156	10204	CTAGTAGGTAGCAGCT-1	3
chr1	10156	10209	TCCAGGTCAGGATTAA-1	1
chr1	10156	10210	CTAATAGTCAGAAACG-1	3
chr1	10156	10216	CTCCTAATCCTCACTA-1	1
chr1	10157	10185	GCGATTAGTGCAACTA-1	5
chr1	10157	10203	GATGGCTGTGTTTGAG-1	2
chr1	10157	10215	TCGATTAAGCCGCTTT-1	1
chr1	10157	10309	CCGGTTAAGCCTCTGT-1	1
chr1	10157	10326	GTAGCTGTCCGGCTAA-1	1
chr1	10161	10210	GACTTACAGCGGATTT-1	1
chr1	10162	10279	GTGTGTTAGAAGGTGC-1	1
chr1	10163	10261	GTCTAATCAATAGCAA-1	1
chr1	10163	10340	ATAAGTCGTTCATTTG-1	1
chr1	10163	10437	CCCTAATGTCAATGTG-1	3
chr1	10163	10543	CAGGAAGGTGTCCAGG-1	1
chr1	10163	10575	GATGCGACATTATGAC-1	2
chr1	10168	10209	AGCCTAGTCATGCTTT-1	2
chr1	10168	10210	GTGGATGCAGTAGCCT-1	1
chr1	10168	10283	TCGTTAGCAAGTTATC-1	1
chr1	10169	10436	GTGCAAGCAAGGTGCA-1	6
chr1	10170	10279	ATGCCTGAGGCCTGGT-1	1
chr1	10174	10351	AAGAATCAGCTTAGCG-1	2
chr1	10174	10407	TTCCTCAAGGCAACAA-1	1
chr1	10174	10437	CATTGCGAGACTTATG-1	2
chr1	10175	10334	CCGCCAACATTGACAT-1	2
chr1	10222	10308	TCTTCAAGTTGGTTGA-1	1
chr1	10228	10308	GAGTTTGGTGTTGTGA-1	1
chr1	10228	10334	CGACCTGCAAGGGTTG-1	1
chr1	10235	10327	CTAGCTTGTGTGTCCC-1	1
chr1	10235	10346	AATGAAGGTTCACTGT-1	1
chr1	10239	10303	GCAAGCCTCACGCCAA-1	1
chr1	10239	10309	CTAACCCTCAAGCCTG-1	1
chr1	10239	10321	CAGCTAAGTTGCTGGG-1	1
chr1	10240	10327	AAGCATGAGTAACCCG-1	1
chr1	10242	10375	GCAGGACCAATATACC-1	1
chr1	10248	10309	CGTAGTTAGAAAGGAA-1	1
chr1	10273	10400	GTAGTTTCAAACTCAT-1	1
chr1	10278	10407	CTGGTTACATGTTTGG-1	1
chr1	10278	10584	GCCTTACTCCTCACTA-1	2
chr1	10278	10601	AGCCGCTAGAGGAGTC-1	1
chr1	10279	10502	GGCGCTAGTTGTTGCT-1	1
chr1	10285	10425	TATGGGCGTTATAGCG-1	1
chr1	10290	10401	GGGTGAAGTATTTGCC-1	1
chr1	10297	10402	TTTGTGTTCATTGACA-1	1
chr1	10304	10351	ATGTTTGAGCAAGGGT-1	1
chr1	10309	10346	CAAAGGATCACTCAAA-1	3
chr1	10309	10560	AAGCTATGTGCTGGTG-1	1
chr1	10309	10611	AGGCCCAGTTACAACG-1	1
chr1	10380	10449	GAGTGAGGTGATGATT-1	1
chr1	10436	10599	CGCTTCTAGGCGAAAC-1	2
chr1	10438	10599	GGTCCGTAGTGAACGA-1	1
chr1	10443	10589	ATAGCATGTCCCGAAG-1	2
chr1	10443	10611	GGGTGAAGTAGGATCC-1	1
chr1	10785	10925	CATAGCTAGCAAGACA-1	1
chr1	10790	10962	TAGTAGGAGCTTTGGG-1	1
chr1	10803	11163	TCCGCCATCAGCCAAT-1	3
chr1	10803	11324	CAATCCCTCTAACCTT-1	1
chr1	10808	10835	GCCTGCTGTCATTGTC-1	2
chr1	13048	13328	GTTCTTAGTTGGCGTG-1	2
chr1	16061	16099	CCAGCCTGTGATGATT-1	5
chr1	16067	16101	AATCAGGAGGTAAGGC-1	1
chr1	16067	16102	GCCAGGAAGTCAGTAC-1	1
chr1	16199	16248	AAGACAAGTTAGAGCC-1	1
chr1	16210	16279	GGAACCACAATCTCTC-1	1
chr1	16290	16487	AGTATAGCAAATTCGT-1	1
chr1	17144	17503	GGCTTAAGTAGGATCC-1	1
chr1	17362	17521	CTACGAAGTTTAAAGC-1	3
chr1	17383	17513	AAGCTAGAGGCCTGGT-1	1
chr1	17399	17527	CAGGCTGGTTAGCAGC-1	3
chr1	17453	17496	AAACCAACATTGTCAG-1	1
chr1	17456	17496	CCGGTTAAGCGCATTG-1	3
chr1	17458	17603	AGCATCCCAGCATGAG-1	1
chr1	17458	17611	CTTGTAAAGAGGAGTC-1	1
chr1	17468	17525	CGCCACACACCTAAGC-1	3
chr1	17468	17829	GATCAGGCATTAGGTT-1	1
chr1	17477	17699	TCATGCCTCCATCAGG-1	1
chr1	17484	17841	TTTCGTCCACCTATAG-1	2
chr1	28943	29323	TGAACAACAGCTCAAC-1	2
chr1	28945	29323	GCCTGACAGGATCACT-1	1
chr1	28948	29333	CCTTCAATCATGCTAA-1	1
chr1	28948	29336	GGTGCTTCAGATAGAC-1	4
chr1	28948	29342	CTCCAACTCCGCCTAT-1	1
chr1	28949	29321	TCCTCACAGGCCTGGT-1	1
chr1	28949	29325	ATCCTCATCCCTGATC-1	1
chr1	28950	29339	TTGATGTCAAGTCGCT-1	1
chr1	28953	29323	CGTAGTTAGCGATACT-1	1
chr1	51741	51923	CCGTTGCGTGAGACTC-1	3
chr1	51903	52082	CCGATGCAGCTAAGTC-1	2
chr1	55030	55430	GGTATGTTCCTCATGC-1	1
chr1	55829	55880	ACAACACTCGCATTAA-1	1
chr1	56272	56312	CTAATCGCATAGCTGC-1	1
chr1	56457	56658	TTAATCGAGGAGGACT-1	2
chr1	56473	56633	CCTGTATGTCCTTAGT-1	2
chr1	56866	57076	TGGCTATAGAACCTAC-1	1
chr1	56911	57068	ATGAATGCAAATTGCT-1	1
chr1	57033	57075	GGCTCAATCTTGGACG-1	2
chr1	58376	58452	GTTAAGTGTCACTCGC-1	1
chr1	60630	60824	GCAGGACCAGGAACCA-1	2
chr1	60797	60858	GAGCGAAGTTTGGGTA-1	1
chr1	61340	61568	CTTACTAGTGACATAT-1	1
chr1	62151	62319	CTTTGAGCACAACAAA-1	1
chr1	62265	62699	GATTACGGTCGTAATG-1	1
chr1	63127	63278	GCTCTGGCACAATGCC-1	1
chr1	63787	64149	TTACGTTTCCTCAGCT-1	1
chr1	64485	64681	GCCTTACTCCCTGTTA-1	1
chr1	64626	64971	CGTTAGTAGTGGCGGA-1	4
chr1	64639	65043	TACCCGGCATAATCCG-1	1
chr1	65987	66049	CCCAAACCAAAGGCCA-1	4
chr1	66132	66173	GGAGTCTGTGAGCAAG-1	1
chr1	69451	69581	ATTGACTCAATGCCCG-1	2
chr1	77093	77136	GACTAATGTAATCGTG-1	1
chr1	79291	79697	CTAACCTGTCTTGCTG-1	1
chr1	79477	79692	GGTGCTGGTTCATTTG-1	1
chr1	79539	79718	GCATTAGGTCCTTCAG-1	2
chr1	79583	79706	GAACCAGCACCTCACC-1	1
chr1	79583	79831	CTTGCGCGTATTACCC-1	1
chr1	81962	82182	GGGATTAAGAAACTGG-1	2
chr1	82450	82656	ATGACTCAGGCGCACT-1	1
chr1	84084	84302	TAGCGGACAATTGAGA-1	2
chr1	84302	84508	GTCCAGGGTCCTCCAA-1	1
chr1	84641	85062	CTAGGACGTGTTGTAG-1	1
chr1	85623	85951	CCCAACCGTTAGTTGG-1	1
chr1	85932	86327	GTGTGTTAGGAACCGG-1	1
chr1	85946	86001	AGGTCATTCGCCTGTT-1	2
chr1	86168	86337	TGGTGCATCCCTGTTA-1	1
chr1	86327	86577	AAGCGAGGTAGTAAGA-1	3
chr1	86795	87216	TTGAGCTAGCTTACTT-1	1
chr1	86863	87248	CGCGGATTCAATACGC-1	1
chr1	86953	87172	GGTTGGTGTCCGTAGG-1	1
chr1	86957	87146	AACCTTAAGTGTGATC-1	1
chr1	86980	87140	AGGCCCAGTTACAACG-1	2
chr1	87372	87574	TTGGCTTGTCGAAGTC-1	1
chr1	87518	87715	TGAGAACCAAGGTCCT-1	1
chr1	87547	87949	TCTAGCGAGCCTGGTA-1	1
chr1	87806	88010	GGGATTAAGAAACTGG-1	2
chr1	88151	88302	AATTTGGTCAATGTCA-1	2
chr1	88183	88302	ACGTTACAGCCATCAG-1	1
chr1	88191	88289	TGGACTAGTCGCGCAA-1	1
chr1	88196	88412	AAAGCCGCATAGACTT-1	1
chr1	88361	88730	AAGGTATAGTTGGCCA-1	2
chr1	88688	88719	TTTGACCGTCGTTACT-1	3
chr1	88754	88790	TTGTCAAAGAGAGGAG-1	1
chr1	90851	91238	TATTAGCCACAACCTA-1	1
chr1	91171	91362	CTGTTAAAGCCTGTTC-1	3
chr1	91171	91370	TATCCAGCACAGAACG-1	2
chr1	91177	91387	CAGTATGGTCTTTATG-1	1
chr1	91179	91307	TTTAACCTCCTAAGGT-1	3
chr1	91179	91376	CTCCATCAGCCTAACG-1	2
chr1	91179	91391	GAGCGGTCAAGGATTA-1	2
chr1	91179	91421	TTTCTTGCAGGCTTCG-1	1
chr1	91181	91362	AGGTCTTAGCAGGTTT-1	1
chr1	91183	91447	TCAGGAGCAGGTATTT-1	2
chr1	91183	91478	TTCCCGCCATGGTTAT-1	1
chr1	91187	91346	TGAGCTTAGTGAGAGC-1	2
chr1	91190	91377	TGAGAACCACGAATTT-1	3
chr1	91190	91426	CGCCAAATCACTTTAC-1	1
chr1	91190	91464	AAGACATAGTTATGTG-1	1
chr1	91509	91606	TAATGGTGTTTGTCTA-1	1
chr1	92493	92691	GATTAGCTCCCTTGCG-1	1
chr1	94680	95048	CTAGTCGAGTTATCTC-1	1
chr1	94785	94914	AGTTATGTCATCCTGC-1	1
chr1	94872	95038	ACCAAGTTCCACCCTG-1	3
chr1	94877	95043	ACAACAGAGGCGCTTA-1	1
chr1	94914	95028	TAGCCGGGTCCTTAGT-1	1
chr1	94974	95103	ATGACTCAGGCGCACT-1	1
chr1	94979	95249	AGGATTGAGTCTTGAA-1	2
chr1	94983	95096	CTTCTAAGTAGCTAAT-1	1
chr1	96170	96597	GAAGTATAGAGAAGGG-1	1
chr1	96561	96607	TTAGGCCCAGTTAAAG-1	1
chr1	96566	96597	GCTGGTTCACAAAGAC-1	1
chr1	96566	96602	GGGTGTTGTCCTTCTC-1	1
chr1	96566	96607	AGGAGCTAGTTAGACC-1	3
chr1	96566	96609	AAGACAAGTTGTTGTC-1	5
chr1	96571	96600	CGAAGTAAGTGGCGGA-1	2
chr1	96571	96607	CATGAGGCATAGACTT-1	8
chr1	96571	96608	TAGGGTTTCTAAGTCA-1	2
chr1	96571	96612	TTGGTGAGTTGCGCGA-1	4
chr1	96571	96614	AGTAAACAGGACCGCT-1	1
chr1	96571	96624	TTGGGCCAGAGAGGCT-1	3
chr1	96571	96629	GTCAAACTCATCCTCA-1	3
chr1	96571	96634	CATGCGCAGATGGACA-1	1
chr1	96572	96602	AAGTTTGTCATTGACA-1	1
chr1	96572	96629	GGTAAGGGTTGGATAT-1	4
chr1	96572	96634	TGCTCCGTCCCATAGG-1	1
chr1	96576	96609	ATTACCGCAAAGCTAA-1	1
chr1	96588	96629	GATCAGGCATTAGGTT-1	3
chr1	96589	96624	GAACCGCTCATTTGTC-1	5
chr1	98759	99120	CAAGGGAGTAATCCCT-1	1
chr1	98979	99125	TATAGGTGTCAGGCCA-1	1
chr1	99009	99207	GGTTGACGTACTTAGG-1	1
chr1	99051	99125	ACGCCTAAGGGTGAAC-1	2
chr1	100313	100689	TGGCCTTTCAGCACCA-1	1
chr1	100645	100763	GCCAATAGTGAGGTAG-1	2
chr1	101486	101863	CTCCTAATCGATCAGT-1	2
chr1	101504	101860	TCCTTAGTCATTATGG-1	1
chr1	101553	101697	CGATTCCTCGCGCTAA-1	1
chr1	101663	101868	ACTGAAACAATCATGT-1	1
chr1	101806	101998	AGCAAGGGTGAAACAA-1	1
chr1	102582	102769	GCTGCATCAACCCTAA-1	1
chr1	102591	102772	CATATCGCATTGACAT-1	1
chr1	102931	103053	CTAGTAATCATGTGGT-1	1
chr1	102933	102987	GTTCGCTTCCAGGAAA-1	1
chr1	103846	104199	GCTAGCCAGACAACAG-1	1
chr1	103851	103909	TTAACCAAGGTTAGCT-1	1
chr1	103895	104171	GACACCGGTTCGGGAT-1	1
chr1	104015	104195	GTCAATATCCGCAAGC-1	3
chr1	104145	104212	GAGAACCAGAGAGCCG-1	1
chr1	104153	104199	CAGGCTGGTAATGACT-1	1
chr1	104943	104999	CGACTAAGTTACATCC-1	2
chr1	104949	104980	TCCTTAGTCATTATGG-1	3
chr1	104949	104998	CCTGTATGTCCAAGAC-1	3
chr1	104949	105002	CCATAAGGTCCGTGAG-1	1
chr1	104951	105002	CGATCCTTCAGCAAGA-1	1
chr1	104961	104994	AGCTATATCTAAGTGC-1	2
chr1	115513	115770	CACCTCAGTATTGTGG-1	1
chr1	115563	115738	GAGGAGGCATGAATCT-1	1
chr1	115568	115737	AAATCCGGTGAGACTC-1	2
chr1	115580	115762	TTACCGTGTTAATGCG-1	1
chr1	115613	115764	TCCATATTCTAGCGAT-1	2
chr1	116368	116420	AGAATCGAGTAATCCA-1	1
chr1	118297	118606	AGCATTTCACCGGTAT-1	1
chr1	118565	118738	GTTGCATAGCTCGCTT-1	2
chr1	118589	118666	GGGCTAACACCTAAGC-1	1
chr1	118595	119101	ATTGTCCGTTATGTGG-1	1
chr1	121953	121980	AAATCCGGTACCTTAC-1	1
chr1	122862	122905	CTAGTCGAGTTCCTCA-1	2
chr1	123744	123775	TATGGGCGTTATAGCG-1	4
chr1	127772	127814	CTTCAATTCGCTAAAC-1	1
chr1	128656	128710	CCCTCAGTCAATGTCA-1	3
chr1	128673	128748	GCTTGACCATCTAGCA-1	2
chr1	131395	131429	GGTTGCATCACAGGAA-1	1
chr1	133156	133200	CCTTCAGGTCCGGTTC-1	2
chr1	133157	133216	CAAAGCGCAAGCGAGC-1	1
chr1	133166	133284	AGGCTAGCAGGTTATT-1	2
chr1	133172	133343	GGGCTAACACCTAAGC-1	1
chr1	133174	133353	GGAGGTTAGATAGACG-1	1
chr1	133398	133441	GAGTAACCATTATGGT-1	1
chr1	133801	133852	GGCATGGAGTTGGCCA-1	4
chr1	133807	133865	GTTACCTGTAGTTAAC-1	1
chr1	133819	133841	TTCGTGCTCCCGTTGT-1	2
chr1	133839	133875	ACTTATCTCACAAGCT-1	5
chr1	134988	135050	TTTAGGATCTACCTGC-1	1
chr1	135077	135216	GAGCCACTCCTAGTTT-1	1
chr1	135151	135184	GATCGATTCGGTTTGG-1	8
chr1	135151	135189	GTCATGAGTCAAACTG-1	1
chr1	135172	135581	TGTTGTAAGCCTGGTA-1	1
chr1	135183	135217	GAGCAAGGTACTGAAT-1	1
chr1	135183	135313	GGGTCACTCTTGACCC-1	2
chr1	135184	135359	CCCGTAAAGGACCGCT-1	1
chr1	135184	135706	TATGGGCGTATTTGCC-1	1
chr1	136030	136063	TAATCCGCAGCAACCT-1	3
chr1	137104	137296	TTGAGCTAGGTGTCCA-1	1
chr1	137804	137986	GCCACTAAGTCATTTC-1	1
chr1	137969	138024	TGCTCAACACTTCACT-1	1
chr1	138325	138532	CATTCCTCACCTCAGG-1	4
chr1	138335	138532	GCCAATAGTAACTACG-1	4
chr1	138339	138548	CCAGACTCAAGGACCA-1	1
chr1	138345	138532	AAAGGAGCACAGAAAC-1	2
chr1	138702	139074	TACTTCGTCATAAGCC-1	1
chr1	138860	139097	CAAACCGTCATTTGTC-1	1
chr1	138871	139069	CCAAGGCTCCTGGTCT-1	1
chr1	138891	139071	CACAAGCGTTACAAAC-1	1
chr1	138904	139081	TGACTTAAGCAAGACA-1	1
chr1	138934	139054	TTGGCGGGTTGGTTAG-1	1
chr1	138975	139056	TGGCCTGCAGGCTGTT-1	1
chr1	138997	139042	GGTAATTGTAACGTGC-1	3
chr1	139006	139346	CCGCAAATCGTTACAA-1	2
chr1	139013	139299	GAGTCATTCTCGACCT-1	2
chr1	139016	139214	ACAACAGAGCTATTAG-1	1
chr1	139016	139419	CAAACCGTCATTTGTC-1	1
chr1	139022	139054	ATATGGTGTTGCATCT-1	1
chr1	139022	139215	TACGCTTGTCATGAGC-1	2
chr1	139029	139224	CAACCCGCAACTGGGA-1	1
chr1	139031	139342	TTGTCAAAGGACTTAC-1	1
chr1	139284	139502	CCCTTAATCAATGACC-1	1
chr1	139299	139341	GAGTCATTCTCGACCT-1	1
chr1	139299	139346	CATTGCGAGTAAGAAC-1	3
chr1	139303	139643	TCAACAATCTCCATGC-1	1
chr1	139454	139630	CATTTGTTCATGCTAA-1	1
chr1	180461	180929	CAATGCCCATTAGGTT-1	1
chr1	180501	180812	GCCTTTATCGAGCAAA-1	2
chr1	180539	180954	CGGGCTTAGGACAACA-1	1
chr1	180565	180904	CAAACCGTCACTTTAC-1	1
chr1	180638	180794	GCCAGGTTCCAGGGAG-1	1
chr1	180663	180782	TTTGGCTGTCGCAAAC-1	1
chr1	180729	180794	TTATCCGTCATTGTTC-1	2
chr1	180735	180782	ATCCATAAGGCGCTAC-1	1
chr1	180740	180782	TCAAACCAGTAGGATG-1	3
chr1	180745	180930	CATTATGAGCAAGACA-1	1
chr1	180746	180781	AGGTACGCACGTAAGG-1	1
chr1	180746	180787	GGGTATTTCTCACTAT-1	1
chr1	180752	180826	TGCTAGCCATAGCGAG-1	5
chr1	180764	180831	CGCCTGTGTGCACGCA-1	7
chr1	180770	180814	CTCATCATCGTGCTTC-1	1
chr1	180770	180838	TTCATTCAGCCGCTTT-1	21
chr1	180776	180880	CCGCTAAAGCATGTCG-1	2
chr1	180776	180992	CGCCTGTGTGCTAGCG-1	9
chr1	180782	180832	CGTTAAATCCACCCTG-1	1
chr1	180782	180917	TTTACGCGTTAAGGTT-1	2
chr1	180782	180929	GCCTTTATCGTGCTTC-1	3
chr1	180787	180924	AGCAACAAGACAGGTA-1	1
chr1	180788	180962	TCGGTTCTCCCGTTTA-1	1
chr1	180794	180826	TGAGCAAAGACAAGTG-1	1
chr1	180808	180924	ACGTCCAAGTTACCGG-1	1
chr1	180814	180973	CGCACAATCCCTGGAA-1	1
chr1	180819	180874	AGGAGCTAGGAAACTG-1	2
chr1	180820	180874	CGGTTTGAGTTGTCTT-1	1
chr1	180832	180880	TCTAGCGAGCCTGGTA-1	2
chr1	180832	180886	CGCCTGTGTGCACGCA-1	3
chr1	180832	180892	CATAGACTCTTGTCCA-1	1
chr1	180838	180874	TGCGATTAGCTAAAGG-1	2
chr1	180838	180904	CAATGTGGTAAGGTCC-1	1
chr1	180844	180904	GGATAACCAATCTCTC-1	1
chr1	180852	180918	ATGAATGCATTGTCAG-1	1
chr1	180852	181100	AGCAAGGGTCTAACAG-1	1
chr1	180853	180961	GTTCCTGGTGGATTAT-1	1
chr1	180853	180968	GCCAGGAAGCCTTAAA-1	4
chr1	180858	180930	GTGAACAAGTTAGCCG-1	1
chr1	180858	180948	GGTGCTTCACGAATCC-1	2
chr1	180859	180974	CTAATAGTCTCTAGCC-1	1
chr1	180863	180968	ACTAACTCAGGAACCA-1	2
chr1	180873	180930	TATGGCCCATGGTTAT-1	4
chr1	180874	180928	TTTGTGTTCATTGACA-1	2
chr1	180874	180930	GGTTATGGTGACCTGG-1	7
chr1	180878	180917	TGGACAAAGCTTAGCG-1	1
chr1	180878	180948	ACTATGTCATTGGGAG-1	3
chr1	180879	180917	CTCTTGATCACAGCGC-1	4
chr1	180879	180930	GCCAACATCAGCAAAG-1	1
chr1	180879	180942	CCGCACACAACCCTAA-1	2
chr1	180879	180947	GTAGCGCTCGAAGTGA-1	2
chr1	180879	180990	TGACTTAAGCACCACA-1	2
chr1	180879	181060	TCGGTTACACCGGTAT-1	1
chr1	180880	180924	GTTGGCGGTGCTAGAC-1	15
chr1	180880	180929	ATGAAGCCAGAGGCTA-1	3
chr1	180880	180932	AGGTCAAAGTCGCTAG-1	1
chr1	180880	180934	GGACAGCCACGAATCC-1	3
chr1	180880	180935	ACGACAAAGTTTCCGC-1	3
chr1	180880	180936	GCGATTAGTATTGCAG-1	11
chr1	180880	180942	CGGGCTTAGATTGAGG-1	5
chr1	180880	180947	CACAGGGAGTAAGTCC-1	2
chr1	180880	180986	GGGTCAACATGACTAT-1	43
chr1	180885	180923	GCGCTTAAGCCTGATG-1	3
chr1	180885	180929	TCATCCATCCTCACTA-1	1
chr1	180885	180936	TTGACGTAGTGCTGTG-1	1
chr1	180885	180948	CCGCACACAACCCTAA-1	2
chr1	180886	180918	GGAACGGTCTTAGCCC-1	2
chr1	180886	180924	GTCATGCCAATCCTAG-1	4
chr1	180886	180930	ATGCAGGCATTGCAGC-1	10
chr1	180886	180947	TTTGACCGTCGTTACT-1	4
chr1	180886	180954	CCTGTAACACTGACTA-1	2
chr1	180886	180968	CCTACTTCAATTTAGC-1	2
chr1	180886	181037	ACAGGTAAGTAACTCA-1	2
chr1	180890	180936	TTAACTGAGTTAGACC-1	2
chr1	180891	180924	TCGTTAGCACTAGCGT-1	1
chr1	180891	180929	CCGTGCTGTCATGCAA-1	2
chr1	180891	180930	TTTGTGTTCAAACCTA-1	5
chr1	180891	180936	TCCCGGACACTTCATC-1	1
chr1	180891	180942	GTCTCACTCTAATCAG-1	1
chr1	180892	180923	ATTTGCAAGCCGCAAC-1	3
chr1	180892	180924	GTCCTCCCAGGCGATA-1	6
chr1	180892	180929	ATGCAAACATTTAAGC-1	4
chr1	180892	180930	TTGTCCGGTCACAGAC-1	11
chr1	180892	180932	ACATTAGTCAGCTAAC-1	1
chr1	180892	180935	CCTTGCGTCCTTGCGT-1	4
chr1	180892	180940	TTGGGTTAGCAAGGGT-1	1
chr1	180892	180941	TAAGTAGCATTGTCCT-1	2
chr1	180892	180942	TTTAGGATCGTAATCA-1	6
chr1	180892	180948	GTGCTCAAGCTATATG-1	3
chr1	180892	180966	CTGTGTGAGGCTTAGT-1	2
chr1	180892	181004	CGCATATAGCATGCAT-1	1
chr1	180897	181160	TTATGCGCACAACAGG-1	2
chr1	180916	181066	ACTTAGGGTATACTGG-1	2
chr1	180917	181119	CCTCAGTTCAAGCTAC-1	1
chr1	180930	181160	TCTCACCAGATAAAGC-1	2
chr1	180936	181160	TTTGACCGTCGTTACT-1	3
chr1	180948	181032	TAATCCGCAAGACTCC-1	1
chr1	180948	181095	TGGTCAGTCTTGCAGG-1	1
chr1	180955	181173	CGGTTATAGTAACGGA-1	2
chr1	180967	181161	GTCATGAGTGTTGTAG-1	1
chr1	180968	181131	CTTCTAAGTATTACCC-1	3
chr1	180980	181168	AATTAGCGTTAACGGC-1	3
chr1	180985	181161	GGCTTAAGTGTTGCTT-1	2
chr1	180992	181272	TAGCTTAAGGGCCACT-1	2
chr1	181001	181173	ATTCAACCACACAATT-1	1
chr1	181011	181160	TCATGCCTCACAAGCT-1	3
chr1	181032	181177	GGCTCAATCTTGGACG-1	2
chr1	181073	181124	CTCGTTATCTATTGTC-1	1
chr1	181119	181163	GCTCGATCAGCAATAA-1	1
chr1	181124	181160	TAAGTGCTCCTGGTGA-1	1
chr1	181129	181160	GGGATTAAGAAACTGG-1	6
chr1	181129	181161	TAGTAAGCAAGGTAAC-1	1
chr1	181129	181282	GTTTATCTCTTAATGG-1	1
chr1	181136	181271	TGCAAGCGTGTCCAGG-1	1
chr1	181219	181277	TCTAACCGTATTGTCC-1	1
chr1	181306	181464	CTATTCAGTTAGGTTG-1	2
chr1	181306	181519	TTGACGTAGTGCTGTG-1	7
chr1	181308	181446	GAGCTTAGTTTAACGG-1	2
chr1	181311	181446	ACTATGTCAATAGCAA-1	3
chr1	181313	181480	TCAAGCTAGAAACTGG-1	3
chr1	181333	181531	CATCAATCATGCTCCC-1	1
chr1	181352	181519	CGTGTTACACAAACTT-1	2
chr1	181357	181533	AGCAGGTAGGACAACA-1	1
chr1	181361	181521	GGAGTCTGTGAGCAAG-1	2
chr1	181362	181541	CGGACCTAGTCACTCC-1	1
chr1	181371	181471	AGCCAGTGTTTACGTC-1	1
chr1	181371	181498	CGATTATCAATGCGCT-1	1
chr1	181376	181405	TAAGGACCAGCTAACC-1	3
chr1	181389	181466	AGTTGCGTCATGGTTA-1	2
chr1	181392	181531	CAACAGGCAAGACTCC-1	1
chr1	181392	181571	ATGGCTAGTGATTTGG-1	2
chr1	181394	181608	CTACAACAGCTATTAG-1	1
chr1	181395	181531	AGCCTGGGTTGGCGTG-1	1
chr1	181402	181446	ATTTGCGCACATAGCC-1	1
chr1	181403	181571	GCGCAATGTTAACGGC-1	1
chr1	181404	181480	TTGACGTAGCTTAGTA-1	1
chr1	181404	181685	AGTAACGAGAGAGGCT-1	2
chr1	181404	181792	GATCAAGAGTAGCTTA-1	2
chr1	181404	181795	AGCTGCTCACAGCCTG-1	1
chr1	181409	181446	GTTACAGGTAGGTTAT-1	1
chr1	181410	181780	CTTACCGGTTGGATCA-1	1
chr1	181411	181479	CAACCCTTCGATAACC-1	2
chr1	181411	181699	TTCCTTCTCCTCACAC-1	2
chr1	181412	181722	GCATGAAAGCCACATG-1	1
chr1	181412	181752	CGCAATGTCGGTCAAT-1	1
chr1	181413	181485	TCCAGGTCAATCGCAC-1	2
chr1	181415	181571	AATCAGGAGTATTGCA-1	1
chr1	181417	181446	TATTCGTTCTGTGAGT-1	1
chr1	181417	181885	ATGGCCGGTACCCACC-1	3
chr1	181418	181632	TTTGTCTAGTTCCTGC-1	2
chr1	181423	181480	GTTTGCTGTTACCGGG-1	4
chr1	181423	181717	CGTGAGGAGAAAGCAT-1	2
chr1	181423	181729	ATTAGCTCATTATGGT-1	1
chr1	181425	181480	GTTTGCTGTTACCGGG-1	1
chr1	181428	181637	GATTCATCATAATGTC-1	1
chr1	181429	181505	AAGCTAGAGGATCACT-1	1
chr1	181429	181545	CTCCTAATCCCTGATC-1	1
chr1	181429	181735	CGCCTCATCGCATTAA-1	1
chr1	181431	181531	ATCCCGCGTTTGTTGC-1	1
chr1	181434	181465	CAAAGCGCACCCACCT-1	3
chr1	181434	181793	GAGTATCTCAAGTGAG-1	1
chr1	181434	181829	TCGTGCTTCTTAGTGA-1	1
chr1	181439	181773	ATGGCCGGTGTTGCAA-1	2
chr1	181440	181487	GAACTTATCGGGACTC-1	1
chr1	181442	181828	ATCCAACAGCTATATG-1	1
chr1	181446	181479	TTTGACCGTCGTTACT-1	7
chr1	181446	181487	CTATGAGGTGCATTAG-1	2
chr1	181446	181583	CTGACCAAGTTATGTG-1	1
chr1	181446	181642	GCCTATTGTCATGAGC-1	1
chr1	181446	181770	TAGTAACGTAAGCTCA-1	2
chr1	181446	181797	CATAGACTCCCTGGAA-1	1
chr1	181446	181800	GCCAATTAGGCGGGTA-1	3
chr1	181446	181846	GGTTGCTCATGAGTTT-1	1
chr1	181446	181947	CTGGATGTCTTAGCGG-1	1
chr1	181455	181739	CTTACCGGTTCAAGAT-1	1
